<?xml version="1.0" encoding="UTF-8"?>
<!--

    Licensed to the Apache Software Foundation (ASF) under one or more
    contributor license agreements.  See the NOTICE file distributed with
    this work for additional information regarding copyright ownership.
    The ASF licenses this file to You under the Apache License, Version 2.0
    (the "License"); you may not use this file except in compliance with
    the License.  You may obtain a copy of the License at

         http://www.apache.org/licenses/LICENSE-2.0

    Unless required by applicable law or agreed to in writing, software
    distributed under the License is distributed on an "AS IS" BASIS,
    WITHOUT WARRANTIES OR CONDITIONS OF ANY KIND, either express or implied.
    See the License for the specific language governing permissions and
    limitations under the License.
v //    file-watch:/Users/josephgeorge/dev/camel/H2H/?events=CREATE&antInclude=**/*.ACK*

&amp;

<rest path="/api/customers">
    <get>
        <route id="KEPPEL_API_PGP">
        <log message="/api/customers recieved Sucessfully"/>
            <to uri="direct:getCustomers"/>
        </route>
    </get>
    <post>
        <route>
            <to uri="file:output/customers"/>
        </route>
    </post>
</rest>
-->
<routes id="camel"  xmlns="http://camel.apache.org/schema/spring">
    <route id="KEPPEL_H2H_PGP" trace="true">
              
        <from uri="file-watch:/Users/josephgeorge/dev/camel/H2H/keppel?events=CREATE"/>
  <bean beanType="com.ocbc.h2h.poc.H2HProcessor" method="process"/> 
   <log message="handling conductor-event: id=${exchangeId}"/>
  <toD uri="ftp://user1@192.168.1.13:21/${in.header.PGPPATH}?password=password&amp;noop=true&amp;passiveMode=true"/>
 <log message="FT to file:${in.header.PGPPATH} DONE Sucessfully"/>
    </route>
    
    
    

    
   
   <route id="KEPPEL_PGP_DECRYPT">
        <from uri="direct:pgp-decrypt"/>
         <log message="handling conductor-event: id=${exchangeId}"/>
       <bean beanType="com.ocbc.h2h.poc.PGPProcessor" method="process"/> 
        <log message="${body}"/>
        <to uri="exec:wc?args=--words /usr/share/dict/words"/>
    </route>
    
     <route id="KEPPEL_PGP">
        <from uri="quartz:KEPPEL_PGP?cron={{myCron}}"/>
        <log message="${body}"/>
        <to uri="log:out"/>
    </route>
    
    


</routes>
